<?xml version="1.0" encoding="UTF-8"?>
<project-private xmlns="http://www.netbeans.org/ns/project-private/1">
    <editor-bookmarks xmlns="http://www.netbeans.org/ns/editor-bookmarks/2" lastBookmarkId="0"/>
    <open-files xmlns="http://www.netbeans.org/ns/projectui-open-files/2">
        <group>
            <file>file:/home/xavi/NetBeansProjects/Othello/src/othello/RunGame.java</file>
            <file>file:/home/xavi/NetBeansProjects/Othello/src/othello/Player.java</file>
            <file>file:/home/xavi/NetBeansProjects/Othello/src/othello/Position.java</file>
            <file>file:/home/xavi/NetBeansProjects/Othello/src/othello/Board.java</file>
            <file>file:/home/xavi/NetBeansProjects/Othello/src/othello/Game.java</file>
        </group>
    </open-files>
</project-private>
