<?xml version="1.0" encoding="UTF-8"?>
<project-private xmlns="http://www.netbeans.org/ns/project-private/1">
    <editor-bookmarks xmlns="http://www.netbeans.org/ns/editor-bookmarks/2" lastBookmarkId="0"/>
    <open-files xmlns="http://www.netbeans.org/ns/projectui-open-files/2">
        <group>
            <file>file:/home/xavi/NetBeansProjects/BoardGame/src/Othello/RunOthello.java</file>
            <file>file:/home/xavi/NetBeansProjects/BoardGame/src/ConnectFour/ConnectFourRandomComputerPlayer.java</file>
            <file>file:/home/xavi/NetBeansProjects/BoardGame/src/Othello/OthelloGame.java</file>
            <file>file:/home/xavi/NetBeansProjects/BoardGame/src/ConnectFour/ConnectFourGame.java</file>
            <file>file:/home/xavi/NetBeansProjects/BoardGame/src/Othello/OthelloMixComputerPlayer.java</file>
            <file>file:/home/xavi/NetBeansProjects/BoardGame/src/Minesweeper/RunMinesweeper.java</file>
            <file>file:/home/xavi/NetBeansProjects/BoardGame/src/boardgames/SolitaireBoardGame.java</file>
            <file>file:/home/xavi/NetBeansProjects/BoardGame/src/ConnectFour/ConnectFourSillyComputerPlayer.java</file>
            <file>file:/home/xavi/NetBeansProjects/BoardGame/src/Othello/OthelloEasyComputerPlayer.java</file>
            <file>file:/home/xavi/NetBeansProjects/BoardGame/src/boardgames/BoardGame.java</file>
            <file>file:/home/xavi/NetBeansProjects/BoardGame/src/Othello/OthelloMaxPointsComputerPlayer.java</file>
            <file>file:/home/xavi/NetBeansProjects/BoardGame/src/Minesweeper/MinesweeperGame.java</file>
            <file>file:/home/xavi/NetBeansProjects/BoardGame/src/Othello/OthelloCornerComputerPlayer.java</file>
            <file>file:/home/xavi/NetBeansProjects/BoardGame/src/Minesweeper/MinesweeperPiece.java</file>
        </group>
    </open-files>
</project-private>
